{
  "builders": [
    { 
      "CPUs": "{{user `vm-cpu-num`}}",
      "RAM": "{{user `vm-mem-size`}}",
     // "cluster": "{{user `vsphere-cluster`}}",
      "convert_to_template": true,
     // "datacenter": "{{user `vsphere-datacenter`}}",
     // "datastore": "{{user `vsphere-datastore`}}",
      "guest_os_type": "windows9Server64Guest",
      "insecure_connection": "true",
      "iso_paths": [
        "{{user `iso_ws2019`}}",
        "{{user `iso_vmtools`}}"
      ],
      "network_adapters": [
        {
          "network": "{{user `vsphere-network`}}",
          "network_card": "vmxnet3"
        }
      ],
      "password": "{{user `vsphere-password`}}",
      "disk_controller_type": "lsilogic-sas",
      "storage": [  
        {
          "disk_size": "{{user `vm-disk-size`}}",
          "disk_thin_provisioned": true
        }
      ],
      "floppy_files": [  
        "autounattend.xml",
        "winrm.ps1",
        "vmtools.cmd"      
      ],
      "type": "vsphere-iso",
      "username": "{{user `vsphere-user`}}",
      "vcenter_server": "{{user `vsphere-server`}}",
      "vm_name": "{{user `vm-name`}}",
      "folder": "0 - Templates",
      "communicator": "winrm",
      "winrm_username": "Administrateur",
      "winrm_password": "Password!",
      "ip_wait_timeout": "1h"
    }
  ],
  "variables": {
    "iso_ws2019": "[master] test-packer/en_windows_server_2019_x64_dvd_4cb967d8.iso",
    "iso_vmtools": "[master] test-packer/windows.iso",
    "vm-cpu-num": "2",
    "vm-disk-size": "20000",
    "vm-mem-size": "2048",
    "vm-name": "Win2019",
    "vsphere-cluster" : "cluster",
    "vsphere-datacenter": "Datacenter",
    "vsphere-datastore": "HDD-DEV",
    "vsphere-network": "admin",
    "vsphere-password": "EDS9O1DFB9R2L?!",
    "vsphere-server": "192.168.1.12",
    "vsphere-user": "cloud_poc"
  }
}
